-0.0002313986538130617,0.0,-0.02056696988378653,-0.00035484361233482545,-0.003089955568439603,-0.00760228458056483,-0.002266013687595076,-0.0006823695940963284,0.0,0.0,-6.45305952513085e-05,0.0,-0.002498200359183594,0.006860709009270612,-0.012316234156147774,0.0,0.0,0.0,-0.001826846318594957,-0.0005308676465715028,0.004054487108172788,0.011320044316610885,0.0,0.0005307689107346445,0.005254878022072514,0.0064727526494086805,-0.004069229116532374,-0.005697294089234541,-0.0012786729487353815,0.0021339146444089557,-0.0067606628308989666,-0.00015928384274667727,0.012786249880123904,0.00014304013256576824,0.0,0.0,8.671881620862973e-05,0.001637643387711498,-0.017962136950168118,0.0021816471500362114,0.011148792945507063,0.00024950649279462404,0.0,0.001339077819912187,-0.0034110031870066416,0.0,0.003216683004355718,0.0,-0.000547537053908706,-0.0014062096998357168,-0.01609857575719338,0.0005810970060097522,-0.0001489412791556254,-0.0016484661927440374,0.0,-0.009598375487791504,0.0,-0.0018819085653764673,0.0,0.0,-0.0053333913959461125,0.0,0.0005805789923448765,0.0,-0.011399799822432838,0.00032563531753993137,0.0,0.0,0.009330117191171432,0.0004370383924725861,0.004764477559081745,-0.00288832489833238,-0.00183490327841138,0.002279122582995166,0.0,-0.0009549587155492303,0.004658325413816191,0.0,0.0011109599524094125,0.0,0.005985459217320643,0.0,0.0,0.0,-0.0006941368007258447,0.005558175842340106,0.0,0.012804495952547628,0.0,0.0,-0.0035067587694271717,0.002908564643512531,0.0,0.0,0.0,-0.00032187085774532874,0.0018124061664105042,0.0,-0.011269396253472053,0.0,-0.0004923860102331236,0.0,0.006183642976671046,-0.0011606522552603457,0.006845130192940931,0.0,-0.01742508003175937,0.006561477266809303,0.0,0.014679705091691697,-0.0014947794370148693,-0.006576309674379819,0.005777150689775427,0.0003801422276776109,-0.012467400976789693,8.285396623127038e-05,0.0,0.007255405892917638,0.00043694713839609274,-0.0030513595176984015,-0.01534019298246308,-0.01726049202343587,-0.011324635378679062,-0.0005404203650486221,0.001789754666274062,0.0,0.0,0.002113129673394986,-0.0075021404747219675,-0.00041907671619712504,0.0,0.013775060585141538,0.0,-0.011667734153920997,0.004526318113546583,0.0,6.363405196588165e-05,0.0,0.00382353596551896,0.0,0.0,-0.0026980225785660185,-0.009703727144853853,-0.004419550339851499,-0.012206485950846892,-0.003687700082448313,-0.0015784925706514793,0.00025940294130896095,0.0,-0.018082940395707726,-0.007475930152817258,0.013892819241042067,0.0,-0.0014877295464123567,-0.0009083906872152088,0.00020163342851298657,-0.0019185846578595855,0.0,0.01561550329679443,0.0008741407812282026,-0.003475289105897078,0.0,0.0,0.0022324397322572554,-0.002349593924590143,-0.009700038536152766,-0.004233306431794643,0.0,0.0006939258503535009,0.0,-0.001471073762695659,0.01867446815468413,0.00042604144407811206,0.0,0.0,0.00044495822285867717,9.440830838177527e-05,0.0,-0.007381429782440153,0.0,8.188124692234012e-05,-0.0008454806463567942,3.697768637142021e-05,-0.009423405778063092,0.0,0.0009161761216186954,-0.0009179836626065041,0.0,0.0,0.007379541716839475,-0.0007166247286468096,-0.009176027473488986,0.00011237282495752478,0.0,0.0019403464118397213,0.008813813213187437,-0.026356589775538123,-0.002507455560110038,0.0,0.00948246143285804
0.0,0.0,-0.02616372608786762,-7.356069729037409e-05,-0.003996423074511615,-0.00589115976442825,-0.002124171105945696,-0.0003454936263375461,0.0,0.0,0.0,7.21832007445918e-05,-0.0012033750726916704,0.004203118542063178,-0.016182798249323536,0.0,0.0,0.0,-0.0008277756426375389,-0.0005233944757488386,8.906659958489098e-05,0.014367456381490755,0.0,0.0012192132073242051,0.0028285744514134586,0.005327650925358568,-0.009439937894253297,-0.015484392334486246,-0.0012341652453536115,0.003816786650108997,-0.010089414739036028,0.0,0.009954930611907846,0.0,6.206326630262597e-05,0.0,0.0,0.0028294077308414433,-0.01586356716855701,0.0,0.020460057734931657,0.0013371203372843418,0.0,0.0013885795612246837,-0.005344624396381911,0.0,0.007100066987509629,0.0,-0.0002521548735093398,-0.00293097882232299,-0.020243983031194644,0.0,-0.0014614497788377372,-0.0005691937567661921,0.0,-0.009475985004383052,0.0,-0.0021807316997543664,0.0,0.0,-0.0038270376444547363,0.0,0.00019162882464016245,0.0,-0.0153863292259673,0.0,0.0,0.0,0.008571245581806162,0.0,0.0053415347206675024,-0.0035668334887621073,-0.0014320749309192334,0.0006266032157601757,0.0,-0.0007979659735934633,0.010282026634520009,0.0,0.00042866785447309876,0.0,0.004554527626100385,0.0,0.0,0.0,0.0,0.004846376650373081,0.0,0.0180373869333097,0.0,0.0,-0.008630623430737774,0.010955879451357797,0.0,0.0,0.0,-0.0007155710978273134,0.004057728551180339,0.0,-0.02811749546547651,0.0,0.0,0.0,0.0040363553451853865,0.0,0.0049029332761712716,0.0,-0.01744266981649276,0.0081482361658616,0.0,0.019969603323358624,-0.00288564780154489,-0.00473620752159229,0.007490685600122866,0.0,-0.0067225329379754705,0.0,0.001273395748690635,0.006177237734941546,0.0,-0.004024704673680712,-0.017382783610053524,-0.014246336331827996,-0.015289677147884801,0.0,0.0012492975608583078,0.0,0.0,0.0059376962550624305,-0.0018396728047261363,0.0,0.00011192651718618624,0.020569121451808125,0.0,-0.010370694798782623,0.0031249639877027943,-8.509808340472554e-05,0.0005757731545778374,0.0,0.001799994838173205,0.0005287406511796113,0.0,-0.0051955584538337886,-0.010802262886718525,-0.0023616886612953403,-0.01491237274104689,-0.007338801420817892,0.0,0.0,0.0,-0.019406799643502105,-0.009128342116348099,0.016617136164173915,0.0,-0.001685918479041629,-0.00026609514293388363,7.963282913256724e-05,-0.0015903679614043104,0.0,0.011809186812864332,0.00588184042332424,-0.0006142123361965296,0.0,0.0,0.002048208849901911,-0.0018204886595984296,-0.021101063460884487,-0.008636843157620262,0.0,0.0,0.0,0.0,0.019787437680253744,0.0,0.0,0.0,0.00015234973417286318,0.0,-0.00016535470314625974,-0.013938934249916516,0.0,0.0,-0.0005675370445133811,0.00021391503403039551,-0.008967973145473027,0.0,0.0,-0.0025188114319157793,0.0,0.0,0.011402991333397035,0.0,-0.009790336541052018,0.0,0.0003325239659210942,0.0053931668490322295,0.013314918665052045,-0.015994398306712412,-0.00019281830285881172,0.0,0.013446976141844948
0.0,0.0,-0.021066235934922583,0.0,-0.001208842031343796,-0.010129829894717286,-0.001725409047965915,0.0,0.0,0.0,0.0,8.603052482047447e-05,-0.0007205900638889964,0.004083163890495877,-0.017510578185360625,0.0001735619749909681,0.0,0.0,-0.0045237514623911014,-0.00018367909166254034,0.0006675666585328131,0.018094981600487895,0.0,0.00012448772895258889,0.0056586076160475155,0.002893843407363686,-0.005788097576801654,-0.019182291436345783,-1.624909470279452e-05,0.004941555612451936,-0.004684469299062349,0.0,0.01133256310468271,0.0,0.0,0.0,0.0,0.0020178368532713362,-0.020790520135797855,4.9120850824652666e-05,0.021753451754103148,0.0014453838677548237,0.0,0.000599246846612933,-0.0055026276533244566,0.0,0.0050004900843542465,0.0,0.0,-0.003259379064254917,-0.024042892028839722,0.0,-7.173705243064826e-05,-0.0002180597392371077,0.0,-0.010525543355709347,0.0,-0.002638631255448908,0.0,0.0,-0.005758697809496246,0.0,0.0,0.0,-0.010657477832423878,0.0,0.0,0.0,0.009223180825776015,0.0,0.005431400281951167,-0.002995674400399666,-0.004653321960769593,0.00299628163081184,0.0,-0.002436944006261198,0.010474226969450764,0.0,0.00039382099606270017,0.0,0.004091037507808596,0.0,2.928436916890338e-05,-6.76915135051087e-05,0.0,0.007618574695686502,0.0,0.015173953853258449,0.0,0.0,-0.002920541443468912,0.015219737870354116,0.0,0.0,0.0,0.0,0.003961869728009204,0.0,-0.025272371554053707,0.0,0.0,0.0,0.005809476928583327,0.0,0.00928759480832712,0.0,-0.023559963014794332,0.01142304130604823,0.0,0.02130460340766723,-0.004251338225651542,-0.002736643687433541,0.009424468799481231,0.0,-0.010738079228270508,0.0007445372068070222,0.0013164547096640423,0.007529324712495776,0.0,-0.003599261911096918,-0.017290730925722468,-0.01586189298340822,-0.02194389084394304,-0.0009260463725118685,0.004843679126670823,0.0,0.0,0.002888199329442813,-0.0030298162507544,0.0,0.0,0.014771209086702472,0.0,-0.023276368307619,0.0012232965054456584,-8.496202222156375e-05,0.0026784707548016444,0.0,0.0031045471107755285,0.00012123296391128408,0.0,-0.003660897501245096,-0.011309126497153288,-0.003096750784220696,-0.014427322409576147,-0.0050749945523386585,-0.0003799941487082917,0.00022524927203682304,0.0,-0.020571468916261115,-0.009330693756403512,0.01696587080797933,0.0,-0.0015524370547688126,-0.00033289609442766735,0.00039198996403437477,-0.0013336063225879368,0.0,0.011742238333277729,0.0017628935555883537,-0.00020726778643585255,0.0,0.0,0.002981269369281685,-0.002606606613771678,-0.012349883970080855,-0.010481139722463242,0.0,0.0,0.0,0.0,0.015135885846988788,0.0,0.0,0.0,0.00038946517408287087,0.0,-3.5558169912784344e-05,-0.008150672922264516,0.0,0.0,-0.0006829498241627478,0.0005141428940015915,-0.011256419487852226,-0.0003050853347498873,1.0904501496476515e-05,-0.0020791944103338055,0.0,0.0,0.009358325762521042,-0.0006053132585381477,-0.014748184770764177,0.00010477144025144621,0.00011009227730875025,0.0053217024584546555,0.007112540207998788,-0.019267822088602296,0.0,0.0,0.010235488020565365
0.0,0.00011425174012068051,-0.025582520352278218,-0.00016219330892384095,-0.002192137435376175,-0.009243045508020867,-0.0005382670233235524,0.0,0.0,0.0,0.0,0.0,-0.00022280135191338438,0.005616070583059809,-0.015929598983665676,0.0,0.0,0.0,-0.0019924621057280803,-0.0004193983765081999,0.0012749281334278335,0.01619360124072263,0.0,0.0,0.004298247434732818,0.007627460565891458,-0.009788147425877358,-0.018888830375750804,-0.0015779271482054455,0.004048593554048824,-0.010720979554845885,0.0,0.018055130816531373,0.0,0.0,0.0,0.0,0.0013020241781763742,-0.021703603225696186,0.0,0.021206643465433467,0.00028760177324903513,0.0,0.0,-0.006554741081939844,0.0,0.0081879240572505,0.0,0.0,-0.00246425674219871,-0.02330150841771812,0.0,-0.0007007335138229187,-0.0003487414839703289,0.0,-0.012224703953767003,0.0,-0.001185368107393971,0.0,0.00018987260845937297,-0.007484332250477899,0.0,0.0,0.0,-0.011924663208525118,0.0,0.0,0.0,0.01429565172878503,0.0,0.007567963960645649,-0.001583337450208773,-0.004058619996420747,0.0005900177947360954,0.0,-0.0023442407336326247,0.012707821268310668,0.0,6.31378000592368e-05,0.0,0.006400121335281592,0.0,0.0,0.0,-0.0005220352892650013,0.0048980041563083145,0.0,0.016385796099746955,0.0,0.0,-0.005001397093936223,0.01246224902748442,0.0,0.0,0.0,-8.578449677983575e-06,0.005913828636130009,0.0,-0.029372203855719328,0.0,0.0,0.0,0.007064199556880048,0.0,0.011005310663176114,0.0,-0.019418076730674323,0.007590499617889406,0.0,0.025063096468046428,-0.000698937278851238,-0.0020601154919470954,0.012347773081853315,0.0,-0.012248855234535871,0.00024506491772346165,0.0001644622859495941,0.006114940223332888,6.558250335680227e-05,-0.005280930609200088,-0.020905357101947342,-0.0161572932403907,-0.020366427076270142,-0.0004834479520134291,0.003687670435594804,0.0,0.0,0.0006988759519947505,-0.0024109438988744315,-0.00024694499219896223,0.0,0.01925359479184124,0.0,-0.018745913537275637,0.0005847006012226673,-0.0002314163892539958,4.4435958318607904e-05,0.0,0.0019629749756872334,0.0005575864479622585,0.0,-0.0022218134367752566,-0.012606394621992159,-0.0048416925006800554,-0.014300054466384556,-0.005354597752918446,-0.00032268907304834317,0.0,0.0,-0.022283207175906546,-0.011049562868238483,0.020710938110619238,0.0,-9.048437690222245e-05,0.0,0.0,-0.00023659266502078,0.0,0.01708561056619361,0.0027118408414939566,-0.0001038221284403749,0.0,0.0,0.0006876069304274284,-0.00037127319414031974,-0.020833943726954,-0.010425887113093264,0.0,0.0,0.0,0.0,0.02192679178173792,0.0,0.0,0.0,8.920881035182071e-05,0.0,-0.00011118378206971847,-0.010218289907764033,0.0,0.0,-0.0003000529303614072,0.0,-0.007988805796563577,0.0,0.0005642848323991665,-0.0008118324511472703,0.0,0.0,0.009443785406235332,-0.00023195202177255973,-0.0068075782456780256,0.0,0.0007698467755592009,0.005470338798226271,0.01006104245817151,-0.01953317209858945,-0.00022579350928471128,0.0,0.014594372743578382
0.0,9.453264760584556e-05,-0.024063074044065092,-0.00022550560777915513,-0.0018202742148750101,-0.005746875858111704,-5.635330574464695e-05,0.0,0.0,0.0,0.0,0.0,-0.0005410423490191123,0.0033025066852953424,-0.022548708277253672,0.0,0.0,0.0,-0.0025601638272967154,-0.00023284564835804615,0.0006038430386173507,0.0179041580746316,0.0,0.0,0.002988387412703808,0.005655759916984163,-0.009148500779582971,-0.016653142347219933,-0.00048731864214636536,0.0033219684545900355,-0.0072964554942627855,0.0,0.010829937361341723,0.0,0.0,0.0,0.0,0.0012866236400007327,-0.02040351816351657,0.00010576513228757373,0.020991035364641704,0.00010341043043105319,0.0,0.0006062290225297397,-0.006736990124370095,0.0,0.007475352520155758,-6.206803658534977e-05,0.0,-0.002229008855112812,-0.022987631836236058,0.0,-0.00023784669225862293,-0.00010076292728573066,0.0,-0.014386350678953781,0.0,-0.0030690279922936637,0.0,0.0,-0.005209064306227192,0.0,0.0,0.0,-0.016314091481714237,0.0,0.0,0.0,0.011702902823016106,0.0,0.006603803152474777,-0.003876663580087661,-0.002486711870206006,0.0019464989953714498,0.0,-0.0014506281633157622,0.01208709896684076,0.0,0.0,3.680268594582632e-05,0.002783937367188241,0.0,0.00010156433715276249,0.0,-0.000188246999756571,0.0051240247054685694,0.0,0.02061669687520836,0.0,0.0,-0.0035861604410482627,0.013415966466534845,0.0,0.0,0.0,-6.777748640360443e-05,0.007965805924732563,0.0,-0.023795122897388422,0.0,0.0,0.0,0.006188513472189423,0.0,0.009849132613924578,0.0,-0.02074648258616645,0.008981917380472403,0.0,0.026755446418766107,-0.0018637631071474266,-0.003925348411583871,0.011596272246351286,0.0,-0.010602338980556007,1.969005815455982e-06,0.0,0.009453222588863011,0.0,-0.003799578612546369,-0.01745626524735329,-0.02164612204238502,-0.017354704139163627,-0.0003298521427618081,0.0046291772096005565,0.0,0.0,0.00451911352298442,-0.0037540245624969664,-7.840333193950567e-06,0.0,0.01773390151186936,0.0,-0.017807543223211226,0.0007044588391619981,0.0,0.0004433226987272836,0.0,0.002314222755301052,0.0,0.0,-0.00245073201615336,-0.012725384343250625,-0.006084416629715667,-0.013814215055323526,-0.006059408435658864,0.0,0.0,0.0,-0.02346883603409323,-0.009650575391165555,0.020165193446020687,0.0,-0.001247630769694595,0.0,0.00019220416021353273,-0.0006594016258114136,0.0,0.018523006468766395,0.0018407372738317679,-8.086207765189187e-05,0.0,0.0,0.0017437106751970694,-0.00141716705271808,-0.023971440085658106,-0.008941312064077826,0.0,0.0,0.0,0.0,0.024666219584420217,0.0,0.0,0.0,0.0,8.491052991046326e-05,0.0,-0.013385129002523189,0.0,0.0,0.0,0.00019200154696444863,-0.00974888069022006,-2.9352226667235335e-05,0.000659893598089491,-0.00021273228378482312,0.0,0.0,0.010514146897881911,0.0,-0.012278361866807237,0.00013747476604121872,0.00020954554324151693,0.006441192503218557,0.010350699001449193,-0.02214008530224278,-0.0003782968486197545,0.0,0.015523680345883518
0.0,0.0,-0.031579634850580886,0.0,-0.0010134144788395538,-0.007323625113126381,-1.1810831996289286e-05,0.0,0.0,0.0,0.0,0.0,-0.00022261739610052498,0.0032063540964088946,-0.0192922695361016,0.0,0.0,0.0,-0.001168027940434766,-8.488654610891918e-05,7.444501975757192e-05,0.018447150412561373,0.0,0.0,0.003962090791153023,0.006016562799047499,-0.007174801434454016,-0.02061249720523312,-0.0014992648414820428,0.002574829274110879,-0.005991744208148663,0.0,0.017601453050654584,0.0,0.0,0.0,0.0,0.0009417771295211413,-0.0217771249110495,0.0,0.025793140025769684,0.0,0.0,0.0006643576550639751,-0.004347339403953568,0.0,0.0077279408023097655,0.0,0.0,-0.0014935988722975374,-0.026024765803109827,0.0,0.0,0.0,0.0,-0.014500083302703828,0.0,-0.002196059001945266,0.0,0.0,-0.004663861694055749,0.0,0.0,0.0,-0.014806174332616861,0.0,0.0,0.0,0.012824604976850593,0.0,0.005944216984865338,-0.002053975481473965,-0.0014489343689364133,0.00018951312070841948,0.0,-0.0008662709105565805,0.010589595144195106,0.0,1.1687478988870069e-05,0.0002767270919153754,0.0025756426959014293,0.0,0.0,0.0,0.0,0.005163308159700999,0.0,0.01790526733564236,0.0,0.0,-0.002609556801537588,0.014614764615840669,0.0,0.0,0.0,-7.408280544173834e-06,0.006068619922190481,0.0,-0.030443392498023768,0.0,0.0,0.0,0.004320345226463466,0.0,0.006036729971054538,0.0,-0.023424924658229915,0.008500513500697308,0.0,0.029018583590126344,-0.0010059645450425853,-0.0012674552763656261,0.01027601528126135,0.0,-0.011962658400085549,0.0001794978629338052,0.0,0.011727405234781298,6.69061191897455e-07,-0.0026464863001737465,-0.02454496746366627,-0.023340953078168226,-0.02230280650900844,0.0,0.0017329693097824569,0.0,0.0,0.0010343787877739135,-0.0026334411391977985,0.0,0.0,0.02226473636704899,0.0,-0.024878722825786837,0.00013078372945976008,-0.00011797691982963134,3.0214360684684287e-05,0.0,0.002716569916246808,0.0,0.0,-0.001554679257958459,-0.012002258812515326,-0.0037895765540397284,-0.01768679315346194,-0.004272706357765707,0.0,0.0,0.0,-0.02786444567820527,-0.010042176926720825,0.020411214548272695,0.0,-0.0002727641637279284,0.0,0.0,-0.0002306260678067296,0.0,0.01771288592407077,0.0005174498092373587,0.0,0.0,0.0,0.0007670290659943086,-0.000747024090710634,-0.028309047479653144,-0.011141802885932452,0.0,0.0,0.0,0.0,0.024079016067644878,0.0,0.0,0.0,0.0,0.0,0.0,-0.01314920811620624,0.0,0.0,-6.775224719453989e-05,0.0,-0.01035004910789134,0.0,9.323429459279445e-05,-0.0005457715966413477,0.0,0.0,0.00852310449894851,-5.474399565037046e-06,-0.011330288880901422,0.0,0.0,0.005720594936623321,0.011418014835093446,-0.02524180691506469,0.0,0.0,0.016674494062035288
0.0,0.0,-0.03202006647273634,0.0,-0.0008840884319823289,-0.007100939092524933,-0.0002389411278873481,0.0,0.0,0.0,0.0,0.0,0.0,0.003044265275207605,-0.023773419398480274,0.0,0.0,0.0,-0.0009636689323605769,-3.786354915473877e-05,0.00013647770535206647,0.018818097912089903,0.0,0.0,0.0024912898427548566,0.005838884419940651,-0.008338719893542233,-0.020478374959816054,-0.00019518243997444746,0.0035482749665327034,-0.005328729026226889,0.0,0.01795493538946547,0.0,0.0,0.0,0.0,0.0005455899763595587,-0.02527232776828311,0.0,0.026214313523063262,0.0,0.0,0.0,-0.004723622702546027,0.0,0.005955493520506981,0.0,0.0,-0.0018345258099762604,-0.02341335619493588,0.0,0.0,0.0,0.0,-0.01286057116100142,0.0,-0.0010504094720495485,0.0,0.0,-0.005319499501819084,0.0,0.0,0.0,-0.01676179246865959,0.0,0.0,0.0,0.01439944456770719,0.0,0.00503129308675879,-0.0016926604138204169,-0.001772078165717081,2.1593128834019565e-05,0.0,-0.0002794234683545274,0.009393279429541093,0.0,0.0,0.0,0.003156690609710694,0.0,0.0,0.0,0.0,0.003248540185464004,0.0,0.021346433159527528,0.0,0.0,-0.0030127675194790925,0.017156382892453668,0.0,0.0,0.0,-9.011638342424744e-06,0.0057637449634787554,0.0,-0.030537749115771937,0.0,0.0,0.0,0.003615485439229914,0.0,0.0061717184836382645,0.0,-0.024379720574343823,0.011302166161854919,0.0,0.02887650964164545,-0.00029372838798500447,-0.0019195600010471312,0.014440422199648091,0.0,-0.0108436706777315,0.0,0.0,0.009219539361850387,0.0,-0.0023491798682091208,-0.02633574445493598,-0.025045578582763368,-0.020928417962441614,-3.6190654927474636e-05,0.0014177461322110686,0.0,0.0,0.0005192253981552162,-0.004437736019516833,0.0,0.0,0.01973671897311844,0.0,-0.023607590909237385,0.0,-1.3679530842094446e-05,0.00024782429923519625,0.0,0.0022396957624094644,0.0,0.0,-0.0020525438068013592,-0.013923196122178348,-0.0023399568326395613,-0.017543181056547542,-0.003372363716141184,0.0,0.0,0.0,-0.02960808680713529,-0.009540822330773711,0.01883276441864843,0.0,0.0,0.0,0.0,-9.530661306831424e-05,0.0,0.01977084726197698,0.0004699838390486261,0.0,0.0,0.0,0.0007174639783949982,-0.0007980820173400735,-0.025330021956268614,-0.011221242412062953,0.0,0.0,0.0,0.0,0.02708832464633739,0.0,0.0,0.0,0.0,0.0,0.0,-0.01090614296383704,0.0,0.0,0.0,0.0,-0.011696556379636132,0.0,0.00025991167306228536,-9.441827408835626e-05,0.0,0.0,0.010991025455070422,0.0,-0.011732682611661516,0.0,0.0,0.006196690500530952,0.011450023559699297,-0.026209964727776223,-0.00013227388762215923,0.0,0.016159915488485145
0.0,0.0,-0.02974787624995364,0.0,-0.0009135977608172477,-0.0068382241172126115,-3.1572692094369074e-05,0.0,0.0,0.0,0.0,0.0,-9.077948060102358e-05,0.0037424175592899183,-0.021705419753764044,0.0,0.0,0.0,-0.0014359760741509129,-5.6304314813553246e-05,0.0002070811315941295,0.0205420622947425,0.0,0.0,0.0021573050602534827,0.005462033281298993,-0.007350760884096388,-0.020148486347895945,-0.0002656622789434906,0.003668550422404602,-0.006128288174253561,0.0,0.018918636305297026,0.0,0.0,0.0,0.0,0.0004731089771757726,-0.02346971161911315,0.0,0.02699381579455963,0.0,0.0,0.0,-0.005401220754550457,0.0,0.008473756509749152,0.0,0.0,-0.0018509236974252822,-0.02328867473433246,0.0,0.0,0.0,0.0,-0.014447939466518879,0.0,-0.0010994230822990118,0.0,0.0,-0.004735718167067757,0.0,0.0,0.0,-0.018111868087722086,0.0,0.0,0.0,0.01344795158717712,0.0,0.00446290226297831,-0.0011662303902889417,-0.0010316909140529681,5.4365751210927345e-05,0.0,-0.00046166216909719864,0.012633523102898498,0.0,0.0,0.0,0.002487789879740525,0.0,0.0,0.0,0.0,0.0051068229016259965,0.0,0.020934247163309414,0.0,0.0,-0.0022035964511112325,0.016601676470105877,0.0,0.0,0.0,0.0,0.0035718241251284145,0.0,-0.029885378658272618,0.0,0.0,0.0,0.0035930009451261434,0.0,0.007197567034519301,0.0,-0.024188027464525787,0.008557685579481274,0.0,0.029125827805262454,-0.00035713753455933396,-0.0012730338164968836,0.010429092255303928,0.0,-0.01156211225279455,0.0,0.0,0.00778739977748504,0.0,-0.0019556197211369006,-0.02604195985092372,-0.023355907424413114,-0.020417060075359473,0.0,0.0011231684520296643,0.0,0.0,0.0006511938109536133,-0.002322418522671114,0.0,0.0,0.02151573681970287,0.0,-0.02567120790233475,0.00010011946353331566,0.0,2.025201788258464e-06,0.0,0.0011052753831827559,0.0,0.0,-0.00181254979452056,-0.013508675984942063,-0.002436380229107638,-0.01925850552609707,-0.004622830416172604,-9.741355581155636e-05,0.0,0.0,-0.0264847985319617,-0.01207276253677005,0.020625666436096295,0.0,0.0,0.0,0.0,0.0,0.0,0.023864617622981133,0.00044379621762790316,0.0,0.0,0.0,0.00012995271029757235,-0.0007447237261763919,-0.027879364143880498,-0.012258560475642237,0.0,0.0,0.0,0.0,0.026412428183907242,0.0,0.0,0.0,0.0,0.0,0.0,-0.012745477056399019,0.0,0.0,0.0,0.0,-0.012382662255911553,0.0,0.0,-3.159820987669937e-05,0.0,0.0,0.011559318837832566,0.0,-0.013823124489994586,0.0,0.0,0.005657358473778467,0.013461145336402334,-0.027417286055449817,-2.12842223966348e-05,0.0,0.014017737475713674
0.0,0.0,-0.033011507164477344,0.0,-0.0011606817191709376,-0.0064377002808237715,0.0,0.0,0.0,0.0,0.0,0.0,-7.421861341493457e-05,0.0021604139923809534,-0.02294924059299612,0.0,0.0,0.0,-0.0016644563696480183,-2.6494950614625338e-05,0.0,0.021059900310974856,0.0,0.0,0.001845104690787957,0.002895501222506543,-0.00842747036744089,-0.0216882585168221,-2.778776116634592e-05,0.002714064782411177,-0.006024026378919839,0.0,0.018668136240291792,0.0,0.0,0.0,0.0,0.00028937541076947564,-0.026062123801347342,0.0,0.025319414065765954,0.0,0.0,7.704817813933e-05,-0.00555038633631647,0.0,0.007197894023739739,0.0,0.0,-0.0014991457998869391,-0.025625018074988393,0.0,0.0,0.0,0.0,-0.015542919093877132,0.0,-0.0013287100388094985,0.0,0.0,-0.005425950653660654,0.0,0.0,0.0,-0.018011847548884696,0.0,0.0,0.0,0.013009161807628207,0.0,0.004796891527600822,-0.0009261694628249138,-0.0012665406253767552,0.0,0.0,-0.00029997982961159326,0.009800888469450602,0.0,0.0,0.0,0.00322763846685392,0.0,0.0,0.0,0.0,0.005243436031566572,0.0,0.021569402386810568,0.0,0.0,-0.002098413097634173,0.016017069604174955,0.0,0.0,0.0,0.0,0.005439323255190526,0.0,-0.026973308373285567,0.0,0.0,0.0,0.003310455436046479,0.0,0.005998349045565906,0.0,-0.02607784594468332,0.01188161908196158,0.0,0.029309109689914768,-0.0002711187350732287,-0.0014888076814694212,0.012541558081061568,0.0,-0.012813658205892501,0.0,0.0,0.008799382312986145,0.0,-0.001969122680776817,-0.02608092338600467,-0.02410059932822106,-0.021631356279446127,0.0,0.0011548011935302962,0.0,0.0,0.00013809091581104863,-0.002287445394410453,0.0,0.0,0.021626362650832478,0.0,-0.025508137665072685,0.00013417736551245112,-4.4500572914799116e-05,0.0,0.0,0.000818865906478013,0.0,0.0,-0.0011438677262569353,-0.012973728975241954,-0.0019245402385500757,-0.01913975206451077,-0.003803897301405627,0.0,0.0,0.0,-0.027053111234827877,-0.012854413745502835,0.02174545647647084,0.0,-3.743539322560846e-05,0.0,0.0,-9.503092006909988e-06,0.0,0.02169049213524597,0.0004257676241801309,0.0,0.0,0.0,0.00022789047856571057,-0.0006274618581560282,-0.02619284638111111,-0.011460654641481048,0.0,0.0,0.0,0.0,0.028022048697156906,0.0,0.0,0.0,0.0,0.0,0.0,-0.012990322774500804,0.0,0.0,0.0,0.0,-0.01221238815939236,0.0,0.0,-3.130844912171365e-05,0.0,0.0,0.010966319414376481,0.0,-0.01429475539574449,0.0,0.0,0.005997243068759066,0.011173240588335182,-0.025233810814799935,0.0,0.0,0.015315140196863341
0.0,0.0,-0.031213233772649996,0.0,-0.0005653794723878994,-0.004800203747957765,0.0,0.0,0.0,0.0,0.0,0.0,0.0,0.002544782193613977,-0.02191846862160169,0.0,0.0,0.0,-0.0012573561363805846,-9.367516542303875e-06,0.0,0.023368636674253387,0.0,0.0,0.0022815682217064534,0.004342264849097989,-0.007326808401628177,-0.019684682317385422,-0.00026517611526680326,0.002114937624170009,-0.007288529959803015,0.0,0.017762496134942008,0.0,0.0,0.0,0.0,0.000327825221848193,-0.02561497298133673,0.0,0.02915053945939037,0.0,0.0,0.0,-0.004673621125247264,0.0,0.007570523379222771,0.0,0.0,-0.0015716626553325876,-0.024131451284887345,0.0,-3.779295039906476e-05,0.0,0.0,-0.016001682527417942,0.0,-0.0006820297063803082,0.0,0.0,-0.004548498976906463,0.0,0.0,0.0,-0.01720619758977679,0.0,0.0,0.0,0.01498899680202922,0.0,0.00486209741928255,-0.000976602061875215,-0.0010163042041060305,2.3229872739047955e-05,0.0,-0.00033126380043191047,0.011420837775212321,0.0,0.0,0.0,0.002557102727678439,0.0,0.0,0.0,0.0,0.004152743478164669,0.0,0.020497234017406014,0.0,0.0,-0.0031227390831764794,0.016624007352781398,0.0,0.0,0.0,0.0,0.006216380147027444,0.0,-0.03047289689266802,0.0,0.0,0.0,0.003313407054941395,0.0,0.006632120173717254,0.0,-0.02705661656844244,0.010320008921696626,0.0,0.03228010642769448,-2.449016265321415e-05,-0.000910909968873034,0.011673695415175019,0.0,-0.013806771204139683,0.0,0.0,0.010433605626158566,0.0,-0.001912500867599541,-0.025548192029518788,-0.0239722463127727,-0.022946772697527876,0.0,0.0010264911124941035,0.0,0.0,0.00022643449940649773,-0.0023749095564135642,0.0,0.0,0.02069309801308301,0.0,-0.02512465143876752,0.0,0.0,0.0,0.0,0.0010307453717973735,0.0,0.0,-0.0009262541476366013,-0.014293901049156947,-0.001494942401246109,-0.018790068930292385,-0.0040508671967097705,0.0,0.0,0.0,-0.027234855306700584,-0.011256874096583958,0.022258224712907015,0.0,0.0,0.0,0.0,0.0,0.0,0.02063284066510842,0.00044194417832083477,0.0,0.0,0.0,0.00012791827911693248,-0.00022185065128041415,-0.024725622902170296,-0.012224267610844958,0.0,0.0,0.0,0.0,0.026250280094611868,0.0,0.0,0.0,0.0,0.0,0.0,-0.014665577316815549,0.0,0.0,0.0,0.0,-0.012293225596938235,0.0,0.0,0.0,0.0,0.0,0.008859395531057945,0.0,-0.012109443410159793,0.0,0.0,0.006447725368597517,0.011717910509652475,-0.026180929794552586,0.0,0.0,0.01690382053076481
